iter	Logloss
0	0.6136283126
1	0.5590181792
2	0.5280384432
3	0.50383866
4	0.4867091278
5	0.4648566426
6	0.4490451977	7	0.4388378308	8	0.4308161119	9	0.4223391711010	0.4158034381111	0.4060023699
12	0.3993606523
13	0.3939177096
14	0.3893151412
15	0.3851983807
16	0.3810618281
17	0.3765082715
18	0.372863919	019	0.36992820	0.20	0.36701721	0.21	0.36463322	0.3656354749
23	0.3638343909
24	0.3619402149
25	0.3605295478
26	0.3593522165
27	0.3575086304
28	28	0.3422405929	29	0.340235530	030	0.338026331	31	0.3373457432	32	0.3364206733	0.3417578213
34	0.3401976608
35	0.3390346054
36	0.3379168037
37	0.3368249448
38	0.335874263
39	0.3352668979
40	0.3345474994
41	0.3319632789
42	0.3301536144
43	0.3296796346
44	0.3287050581
45	0.3282023092
46	0.3278515452
47	0.3267129723
48	0.3261617022
49	0.3251050724
50	0.3242931354
51	0.3237352226
52	0.3229542289
53	0.3221151442
54	0.3217531214
55	0.3210505144
56	0.3205063987
57	0.3196031826
58	0.3189977039
59	0.3183064097
60	0.3180201973
61	0.3167350653
62	0.3161016544
63	0.3156238626
64	0.3132129156
65	0.3121151292
66	0.3114876474
67	0.3111699185
68	0.3109854003
69	0.310358355
70	0.3099617697
71	0.3091563758
72	0.3082469102
73	0.3078109744
74	0.3068110134
75	0.3064846443
76	0.3060925556
77	0.3052864888
78	0.3048788476
79	0.3044253298
80	0.3042031503
81	0.3037182012
82	0.3035749247
83	0.3032877842
84	0.3017865318
85	0.3015687845
86	0.3005538376
87	0.3002212179
88	0.2996990847
89	0.298601721
90	0.2979360737
91	0.2975366711
92	0.2971814004
93	0.2968335777
94	0.296239729
95	0.2948253332
96	0.2942753465
97	0.2937437114
98	0.29308888
99	0.2925279095
100	0.2918778795
101	0.2907959297
102	0.2899646667
103	0.2896045175
104	0.2890554017
105	0.2882577622
106	0.2877252586
107	0.2873567089
108	0.2868722873
109	0.2861966963
110	0.285523512
111	0.2848193136
112	0.2842847275
113	0.2836881285
114	0.2830918282
115	0.2826444048
116	0.2818465883
117	0.28154405
118	0.2806896432
119	0.2799806132
120	0.2791581305
121	0.2784340521
122	0.2771388574
123	0.2765593959
124	0.2760252348
125	0.2756411358
126	0.2747818806
127	0.2741602555
128	0.273390162
129	0.2129	0.264130	0.27130	0.264131	0.27131	0.263132	0.27132	0.262133	0.27133	0.2619479195
134	0.2612336031
135	0.2606962953
136	0.2599693939
137	0.2593749192
138	0.2589083572
139	0.2585558863
140	0.2578898869
141	0.2571172511
142	0.2567178225
143	0.2561440998
144	0.255773945
145	0.2555991531
146	0.2552720558
147	0.2547596267
148	0.2541068285
149	0.2538587159
150	0.2532151557
151	0.2528469894
152	0.2521899427
153	0.2518891066
154	0.2514833896
155	0.2512320934
156	0.2507072503
157	0.2501995132
158	0.2498050435
159	0.2490620939
160	0.2488159745
161	0.2484498725
162	0.2480960095
163	0.2477371794
164	0.2473200247
165	0.2469889427
166	0.2467132937
167	0.2463893569
168	0.2457534084
169	0.2453992069
170	0.2449559509
171	0.2444917235
172	0.2439001318
173	0.2433495977
174	0.2428031314
175	0.2424566518
176	0.2421476999
177	0.2419029209
178	0.2413527828
179	0.2409065552
180	0.2406133381
181	0.2403288828
182	0.2399639079
183	0.2395925
184	0.2392351702
185	0.2388730231
186	0.2383494027
187	0.2378532355
188	0.2372570251
189	0.236812623
190	0.2366143914
191	0.2363134604
192	0.2361040226
193	0.2356294641
194	0.2351780114
195	0.2348482856
196	0.2345000707
197	0.2340978585
198	0.2334261784
199	0.2332589065
200	0.2329583963
201	0.2324971967
202	0.2322344013
203	0.2319083862
204	0.2315136882
205	0.2312972948
206	0.231087447
207	0.2305948468
208	0.2303113633
209	0.23001183
210	0.229650944
211	0.2293313789
212	0.2288194274
213	0.2284187767
214	0.2281818621
215	0.2277776971
216	0.2274140395
217	0.2271199839
218	0.2267565045
219	0.2266093121
220	0.2262936182
221	0.2260585689
222	0.2255855657
223	0.2252141282
224	0.2249123998
225	0.2247166248
226	0.2246086459
227	0.2243395416
228	0.2238929833
229	0.2236332549
230	0.223309035
231	0.2229984311
232	0.2227876734
233	0.2224300289
234	0.2219953485
235	0.2218872758
236	0.2216791446
237	0.2214489319
238	0.2211889765
239	0.2209040882
240	0.2204046689
241	0.2200298699
242	0.2197504607
243	0.2195977263
244	0.2193947196
245	0.2190062066
246	0.2187993023
247	0.2185220764
248	0.2183196634
249	0.2179136773
250	0.2177030653
251	0.2174519821
252	0.2170525362
253	0.2168143959
254	0.2166101628
255	0.2161710331
256	0.2158326797
257	0.2154015352
258	0.2150280141
259	0.2147165544
260	0.214438983
261	0.2140574067
262	0.2138899016
263	0.2136154324
264	0.2133754516
265	0.2129678166
266	0.2126356633
267	0.2124232421
268	0.2121228282
269	0.2118775123
270	0.2115062329
271	0.2112445107
272	0.2110557971
273	0.2107699778
274	0.2105807258
275	0.2101501446
276	0.2098518295
277	0.2093641918
278	0.2091283166
279	0.208903205
280	0.2085687068
281	0.2083000686
282	0.2080096109
283	0.2076588869
284	0.2073072211
285	0.2070802896
286	0.2068121437
287	0.2066335072
288	0.206311416
289	0.2058388335
290	0.2054764147
291	0.2052754921
292	0.2051257139
293	0.204891515
294	0.2045327031
295	0.2041434487
296	0.2038791769
297	0.2035858135
298	0.2033439412
299	0.203182114
95617587
