iter	Passed	Remaining
0	88	26503
1	98	14736
2	105	10443	3	110	8194	4	114	6775	5	118	5816	6	122	5147	7	127	4648	8	131	4249	9	135	3931010	139	3671111	146	3512
12	152	3365
13	157	3210
14	161	3065
15	165	2933
16	169	2818
17	173	2723
18	177	2621919	180	2522020	184	2442121	188	23822	192	2319
23	197	2270
24	202	2224
25	207	2184
26	212	2144
27	217	2108
2828	224	2092929	228	2053030	232	2013131	236	1983232	241	19533	246	1926
34	251	1903
35	256	1878
36	261	1859
37	266	1836
38	271	1817
39	276	1800
40	282	1781
41	287	1763
42	292	1747
43	296	1727
44	301	1710
45	306	1694
46	311	1677
47	316	1661
48	321	1646
49	326	1630
50	330	1615
51	335	1599
52	340	1585
53	345	1572
54	350	1560
55	354	1544
56	358	1529
57	363	1516
58	367	1502
59	373	1493
60	380	1488
61	385	1479
62	390	1468
63	395	1457
64	400	1447
65	416	1476
66	428	1490
67	435	1485
68	439	1472
69	444	1459
70	449	1448
71	453	1437
72	458	1425
73	463	1414
74	467	1403
75	472	1393
76	477	1383
77	482	1373
78	487	1362
79	490	1349
80	494	1337
81	498	1325
82	502	1312
83	505	1300
84	509	1288
85	513	1278
86	518	1270
87	522	1259
88	527	1251
89	532	1241
90	536	1232
91	540	1222
92	544	1212
93	548	1202
94	553	1193
95	557	1184
96	561	1176
97	565	1166
98	570	1157
99	574	1148
100	578	1139
101	581	1129
102	585	1119
103	588	1109
104	592	1100
105	596	1091
106	599	1082
107	603	1073
108	607	1064
109	610	1055
110	614	1046
111	618	1037
112	621	1028
113	625	1019
114	628	1011
115	632	1002
116	635	994
117	639	986
118	643	978
119	646	970
120	650	962
121	654	954
122	658	947
123	661	939
124	665	931
125	669	924
126	673	916
127	676	909
128	680	902
1129	686	8971130	690	8901131	695	8841132	700	8791133	705	873
134	709	866
135	713	860
136	719	856
137	723	849
138	728	843
139	733	838
140	738	832
141	742	825
142	746	819
143	753	816
144	757	809
145	761	802
146	765	796
147	770	790
148	773	784
149	777	777
150	782	771
151	786	765
152	790	759
153	794	753
154	800	748
155	804	742
156	808	736
157	811	729
158	816	724
159	820	718
160	824	711
161	827	705
162	835	702
163	839	696
164	844	690
165	851	687
166	856	681
167	860	676
168	868	673
169	873	667
170	877	662
171	885	658
172	889	653
173	893	647
174	903	645
175	907	639
176	911	633
177	916	628
178	921	622
179	925	616
180	928	610
181	934	605
182	939	600
183	942	594
184	946	588
185	953	584
186	958	579
187	967	576
188	971	570
189	976	565
190	981	560
191	985	554
192	989	548
193	995	543
194	1000	538
195	1005	533
196	1009	527
197	1014	522
198	1018	517
199	1022	511
200	1027	506
201	1031	500
202	1034	494
203	1037	488
204	1042	483
205	1046	477
206	1049	471
207	1053	465
208	1056	460
209	1062	455
210	1066	449
211	1071	444
212	1075	439
213	1080	434
214	1084	428
215	1089	423
216	1094	418
217	1099	413
218	1103	408
219	1108	402
220	1112	397
221	1117	392
222	1120	387
223	1130	383
224	1135	378
225	1141	373
226	1149	369
227	1153	364
228	1159	359
229	1166	354
230	1171	349
231	1180	346
232	1184	340
233	1192	336
234	1197	331
235	1201	325
236	1209	321
237	1213	316
238	1218	310
239	1222	305
240	1226	300
241	1233	295
242	1237	290
243	1243	285
244	1247	280
245	1250	274
246	1253	269
247	1259	264
248	1263	258
249	1266	253
250	1269	247
251	1272	242
252	1277	237
253	1281	232
254	1285	226
255	1289	221
256	1293	216
257	1298	211
258	1302	206
259	1306	200
260	1309	195
261	1312	190
262	1315	185
263	1318	179
264	1321	174
265	1324	169
266	1326	163
267	1328	158
268	1330	153
269	1332	148
270	1334	142
271	1336	137
272	1338	132
273	1341	127
274	1343	122
275	1345	117
276	1347	111
277	1349	106
278	1351	101
279	1354	96
280	1356	91
281	1358	86
282	1360	81
283	1363	76
284	1365	71
285	1367	66
286	1369	62
287	1371	57
288	1373	52
289	1375	47
290	1377	42
291	1379	37
292	1381	33
293	1383	28
294	1385	23
295	1388	18
296	1390	14
297	1393	9
298	1395	4
299	1397	0
